SampleID,FacilityName,WardType,TakenDate
EXM218,EXAMPLE HOSPITAL,other,2019/12/17
EXM2048,EXAMPLE HOSPITAL,neonatal,2020/08/29
EXM32,EXAMPLE HOSPITAL,neonatal,2019/10/10
EXM113,EXAMPLE HOSPITAL,neonatal,2019/10/17
EXM265,EXAMPLE HOSPITAL,neonatal,2019/10/28
EXM315,EXAMPLE HOSPITAL,neonatal,2019/11/27
EXM313,EXAMPLE HOSPITAL,neonatal,2019/11/29
EXM264,EXAMPLE HOSPITAL,neonatal,2019/12/02
EXM259,EXAMPLE HOSPITAL,neonatal,2019/12/04
EXM258,EXAMPLE HOSPITAL,neonatal,2019/12/05
EXM255,EXAMPLE HOSPITAL,neonatal,2019/12/11
EXM222,EXAMPLE HOSPITAL,neonatal,2019/12/16
EXM213,EXAMPLE HOSPITAL,neonatal,2019/12/17
EXM223,EXAMPLE HOSPITAL,neonatal,2019/12/19
EXM219,EXAMPLE HOSPITAL,neonatal,2019/12/20
EXM215,EXAMPLE HOSPITAL,neonatal,2019/12/23
EXM224,EXAMPLE HOSPITAL,neonatal,2019/12/24
EXM214,EXAMPLE HOSPITAL,neonatal,2019/12/27
EXM442,EXAMPLE HOSPITAL,neonatal,2019/12/30
EXM272,EXAMPLE HOSPITAL,neonatal,2020/01/03
EXM271,EXAMPLE HOSPITAL,neonatal,2020/01/10
EXM273,EXAMPLE HOSPITAL,neonatal,2020/01/16
EXM316,EXAMPLE HOSPITAL,neonatal,2020/01/20
EXM317,EXAMPLE HOSPITAL,neonatal,2020/01/21
EXM405,EXAMPLE HOSPITAL,neonatal,2020/01/29
EXM986,EXAMPLE HOSPITAL,neonatal,2020/05/09
EXM987,EXAMPLE HOSPITAL,neonatal,2020/05/18
EXM1308,EXAMPLE HOSPITAL,neonatal,2020/06/08
EXM1305,EXAMPLE HOSPITAL,neonatal,2020/06/17
EXM1850,EXAMPLE HOSPITAL,neonatal,2020/07/17
EXM2170,EXAMPLE HOSPITAL,neonatal,2020/09/13
EXM2144,EXAMPLE HOSPITAL,neonatal,2020/09/30
EXM314,EXAMPLE HOSPITAL,other,2019/11/15
EXM263,EXAMPLE HOSPITAL,other,2019/11/30
EXM254,EXAMPLE HOSPITAL,other,2019/12/10
EXM449,EXAMPLE HOSPITAL,other,2020/02/02
EXB001,EXAMPLE HOSPITAL B,neonatal,2020/01/06
EXB002,EXAMPLE HOSPITAL B,neonatal,2020/01/11
EXB003,EXAMPLE HOSPITAL B,other,2020/01/16
EXB004,EXAMPLE HOSPITAL B,neonatal,2020/01/21
EXB005,EXAMPLE HOSPITAL B,neonatal,2020/01/28
EXB006,EXAMPLE HOSPITAL B,neonatal,2020/02/05
EXB007,EXAMPLE HOSPITAL B,other,2020/03/28
EXB008,EXAMPLE HOSPITAL B,neonatal,2020/05/03
EXB009,EXAMPLE HOSPITAL B,neonatal,2020/01/18
EXB010,EXAMPLE HOSPITAL B,other,2020/01/29
EXB011,EXAMPLE HOSPITAL B,neonatal,2020/02/09
EXB012,EXAMPLE HOSPITAL B,other,2020/04/20
EXC001,EXAMPLE HOSPITAL C,neonatal,2020/03/16
EXC002,EXAMPLE HOSPITAL C,neonatal,2020/03/21
EXC003,EXAMPLE HOSPITAL C,other,2020/03/26
EXC004,EXAMPLE HOSPITAL C,neonatal,2020/03/31
EXC005,EXAMPLE HOSPITAL C,neonatal,2020/04/07
EXC006,EXAMPLE HOSPITAL C,neonatal,2020/04/15
EXC007,EXAMPLE HOSPITAL C,other,2020/06/06
EXC008,EXAMPLE HOSPITAL C,neonatal,2020/07/12
EXC009,EXAMPLE HOSPITAL C,neonatal,2020/03/28
EXC010,EXAMPLE HOSPITAL C,other,2020/04/08
EXC011,EXAMPLE HOSPITAL C,neonatal,2020/04/19
EXC012,EXAMPLE HOSPITAL C,other,2020/06/29
